model,balanced_accuracy_score,precision_score,recall_score,matthews_corrcoef,f1_score
carveme model,0.7953466911463529,0.5131677953348383,0.6171945701357466,0.5411059255496786,0.5603944124897289
all model,0.894371358767149,0.5366863905325444,0.820814479638009,0.6455646046065785,0.6490161001788909
selected model,0.625111676521186,0.396,0.2687782805429864,0.30153906252136614,0.32021563342318055
random1 model,0.6325524409813077,0.43802816901408453,0.281447963800905,0.3280836067322615,0.34269972451790637
random2 model,0.6206463022662985,0.4005602240896359,0.25882352941176473,0.2978008265538862,0.31445849367784495
random3 model,0.6283853526665029,0.38345864661654133,0.27692307692307694,0.30026977616547623,0.3215974776668418
random4 model,0.6497624313918243,0.3830472103004292,0.3230769230769231,0.32499206712431666,0.3505154639175258
random5 model,0.6088649714002091,0.3564625850340136,0.23710407239819004,0.2649655413822562,0.2847826086956522
