model,balanced_accuracy_score,precision_score,recall_score,matthews_corrcoef
carveme model,0.8115815034510284,0.3032128514056225,0.6508620689655172,0.42992370300182936
all model,0.8653200458990222,0.15527182866556838,0.8125,0.3327085650121921
selected model,0.8522505659961876,0.4057971014492754,0.7241379310344828,0.5312554286831165
random1 model,0.8333530457132241,0.5080645161290323,0.6788793103448276,0.5785672139880843
random2 model,0.7329180114093821,0.41263940520446096,0.47844827586206895,0.4332546329918006
random3 model,0.7615537627564186,0.35959885386819485,0.540948275862069,0.42850886705142915
random4 model,0.8438295233245481,0.4657142857142857,0.7025862068965517,0.5625202940423699
random5 model,0.7042622179481004,0.3987730061349693,0.4202586206896552,0.39814326943568873
