model,balanced_accuracy_score,precision_score,recall_score,matthews_corrcoef
carveme model,0.7874998498779656,0.37755102040816324,0.6147455867082036,0.4562729465958752
all model,0.7985658102014308,0.26067687348912166,0.671858774662513,0.38401498838186204
selected model,0.6602934999950101,0.5490533562822719,0.3312564901349948,0.40956136982216695
random1 model,0.7772889508322004,0.5903225806451613,0.5700934579439252,0.5639526066617814
random2 model,0.7587399356919493,0.6517285531370038,0.5285565939771547,0.5725027905799486
random3 model,0.6882697983053379,0.5846394984326019,0.387331256490135,0.45957707206120973
random4 model,0.5247388426343871,0.45454545454545453,0.05192107995846314,0.1439167027497359
random5 model,0.6830776480215945,0.5,0.3811007268951194,0.41745991895361756
