model,balanced_accuracy_score,precision_score,recall_score,matthews_corrcoef,f1_score
carveme model,0.7874998498779656,0.37755102040816324,0.6147455867082036,0.4562729465958752,0.46779928881864874
all model,0.7985658102014308,0.26067687348912166,0.671858774662513,0.38401498838186204,0.37561683599419443
selected model,0.6602934999950101,0.5490533562822719,0.3312564901349948,0.40956136982216695,0.4132124352331606
random1 model,0.7772889508322004,0.5903225806451613,0.5700934579439252,0.5639526066617814,0.5800316957210776
random2 model,0.7587399356919493,0.6517285531370038,0.5285565939771547,0.5725027905799486,0.5837155963302751
random3 model,0.6882697983053379,0.5846394984326019,0.387331256490135,0.45957707206120973,0.4659587757651468
random4 model,0.5247388426343871,0.45454545454545453,0.05192107995846314,0.1439167027497359,0.09319664492078285
random5 model,0.6830776480215945,0.5,0.3811007268951194,0.41745991895361756,0.43252799057159697
